feature,importance
all_min,0.11111425411666588
dirtyp_mean_chiqim_bank_otkazmasi,0.056929433306608886
dirtyp_mean_kirim_naqd,0.05031745164182779
dirtyp_max_kirim_naqd,0.03887550205703254
typ_mean_bank_otkazmasi,0.034956554913984875
dirtyp_sum_chiqim_bank_otkazmasi,0.033938822942152086
dirtyp_max_chiqim_bank_otkazmasi,0.028967628473973554
dirtyp_max_chiqim_karta,0.025220787261760642
dirtyp_mean_kirim_bank_otkazmasi,0.023876428097706067
dirtyp_mean_chiqim_karta,0.023165806579332083
typ_max_bank_otkazmasi,0.023121148419870903
typ_max_karta,0.021077367861451392
dirtyp_sum_chiqim_karta,0.020210023127696958
typ_mean_naqd,0.016953268828630092
dirtyp_sum_kirim_naqd,0.015126364603679374
typ_sum_naqd,0.014452266019390592
all_max,0.014115801772892818
decay60_in_share,0.013756266354919942
decay14_in_share,0.01334050839640005
w90_max,0.01276005686707197
dir_max_chiqim,0.012709474583790884
dirtyp_max_kirim_bank_otkazmasi,0.01254696821929453
passthrough_share,0.011578885557642488
dirtyp_share_kirim_naqd,0.011154780138318932
dirtyp_share_chiqim_naqd,0.010604852393978844
typ_sum_bank_otkazmasi,0.010448710932398797
out_within_24h_share,0.01034654889268247
all_q90,0.009775640170592821
dirtyp_mean_chiqim_xalqaro,0.009358303933822728
decay3_in_share,0.009237076959673926
night_share,0.008648411447376467
dirtyp_sum_kirim_karta,0.008498519829690602
typ_sum_karta,0.008018759777273784
dirtyp_max_chiqim_xalqaro,0.008004101630494538
typ_max_naqd,0.007992974086974037
dirtyp_share_chiqim_karta,0.007922316423462437
dirtyp_sum_kirim_bank_otkazmasi,0.007690929335817837
all_std,0.0076868364291717015
dirtyp_max_chiqim_naqd,0.007607830780503198
decay_ratio_3_60,0.007428006191690546
typ_mean_karta,0.00742381838237134
dirtyp_sum_chiqim_naqd,0.00725748154377506
decay60_xalq_share,0.007213232746295798
decay3_xalq_share,0.007206159358598595
typ_share_naqd,0.006994710223924256
dirtyp_mean_chiqim_naqd,0.006982027951337813
decay14_naqd_share,0.006855394441333318
w3_max,0.006795699259284637
dirtyp_count_chiqim_bank_otkazmasi,0.006718280398915459
weekend_share,0.0067115870442879255
dirtyp_mean_kirim_karta,0.006685744246854507
ratio_w7_w30_cnt,0.006622224916498117
ratio_w30_w90_cnt,0.0064505282956704955
amt_diff_after_in_median,0.0063754322115971256
dirtyp_max_kirim_karta,0.006372624665797135
typ_share_xalqaro,0.006241423759465866
decay60_naqd_share,0.00622267463634463
w7_sum_chiqim,0.005934107835854612
typ_max_xalqaro,0.005779540307037756
amt_mean_30_vs_older,0.005659783305549906
dirtyp_share_chiqim_bank_otkazmasi,0.00554309436789392
history_days,0.005377232323590009
net_flow,0.005162664279925207
last10_amt_max,0.0051471652626592325
w30_sum_chiqim,0.005016550612855556
dirtyp_max_kirim_xalqaro,0.004958382959953147
dir_sum_chiqim,0.004766304835947389
dirtyp_mean_kirim_xalqaro,0.004714165130780022
w30_max,0.00463252017277862
decay3_naqd_share,0.004531139216753187
out_within_1h_share,0.004247105716471203
out_within_72h_share,0.004169767994667037
typ_mean_xalqaro,0.004071646465089516
z_mean7,0.004050557423861113
type_entropy,0.0038730242508099337
z_max7,0.003821748695570982
typ_sum_xalqaro,0.0036392829796236727
dirtyp_sum_kirim_xalqaro,0.003612867062125814
w30_sum_kirim,0.00337936305453027
last10_amt_mean,0.003247272305619762
